,Income,Total_Spending,Recency
Income,1.0,0.8236282659939619,-0.02528871340746564
Total_Spending,0.8236282659939619,1.0,0.15807859617693243
Recency,-0.02528871340746564,0.15807859617693243,1.0
